asin,keyword,frequency,note
B0B3RMP7J3,クッションファンデーション,monthly,クッションファンデ（ナチュラル）
B0B3RMP7J3,クッションファンデ,monthly,クッションファンデ（ナチュラル）
B0B3RMP7J3,ファンデーション,monthly,クッションファンデ（ナチュラル）
B0B3RMP7J3,クッションファンデーション 韓国,monthly,クッションファンデ（ナチュラル）
B0B3RMP7J3,クッションファンデーション 人気,monthly,クッションファンデ（ナチュラル）
B0B3RMP7J3,クッションファンデーション 崩れない 人気,monthly,クッションファンデ（ナチュラル）
B0B3RMP7J3,ファンデ,monthly,クッションファンデ（ナチュラル）
B0B3RMP7J3,foundation,monthly,クッションファンデ（ナチュラル）
B0B3RMP7J3,cushion foundation,monthly,クッションファンデ（ナチュラル）
B0CLC5GNG3,UVプライマー,monthly,UVプライマー
B0CLC5GNG3,プライマー 化粧下地,monthly,UVプライマー
B0CLC5GNG3,化粧下地 保湿,monthly,UVプライマー
B0CLC5GNG3,化粧下地 赤み消し,monthly,UVプライマー
B0CLC5GNG3,下地,monthly,UVプライマー
B0CLC5GNG3,uv 下地,monthly,UVプライマー
B0CLC5GNG3,化粧下地,monthly,UVプライマー
B0DJGV51R1,フェイスパウダー,monthly,ルースパウダー
B0DJGV51R1,パウダー,monthly,ルースパウダー
B0DJGV51R1,ルースパウダー,monthly,ルースパウダー
B0DJGV51R1,loose powder,monthly,ルースパウダー
B0DJGV51R1,ルースパウダー 人気ランキング,monthly,ルースパウダー
B0DJGV51R1,フェイスパウダー 人気,monthly,ルースパウダー
B0DJGV51R1,おしろい,monthly,ルースパウダー
B0DJGV51R1,フェイスパウダー 乾燥肌,monthly,ルースパウダー
B0FVFKL2G6,フェイスマスク,monthly,フェイスマスク
B0FVFKL2G6,フェイスパック,monthly,フェイスマスク
B0FVFKL2G6,パック,monthly,フェイスマスク
B0FVFKL2G6,パック 顔,monthly,フェイスマスク
B0FVFKL2G6,シートマスク,monthly,フェイスマスク
B0FVFKL2G6,face mask,monthly,フェイスマスク
B0FVFKL2G6,シートマスク 人気ランキング,monthly,フェイスマスク
B0FVFKL2G6,面膜,monthly,フェイスマスク
B0FVFKL2G6,ナイトパック,monthly,フェイスマスク
B0FVFKL2G6,スリーピングマスク,monthly,フェイスマスク
B0FVFKL2G6,パック 韓国,monthly,フェイスマスク
B0FVFKL2G6,保湿パック,monthly,フェイスマスク
B0D66SCPCZ,ローション,daily,Plus スタンダード
B0D66SCPCZ,ローション オナニー 男性,daily,Plus スタンダード
B0D66SCPCZ,ろーしょんsexジェル,daily,Plus スタンダード
B0D66SCPCZ,ローション セックス 挿入,daily,Plus スタンダード
B0D66SCPCZ,オナニー,daily,Plus スタンダード
B0D66SCPCZ,オナホ,daily,Plus スタンダード
B0D66SCPCZ,オナホ ローション,daily,Plus スタンダード
B0G2MHRD36,洗顔フォーム,weekly,latopia レチノール洗顔
B0G2MHRD36,洗顔,weekly,latopia レチノール洗顔
B0G2MHRD36,洗顔 泡,weekly,latopia レチノール洗顔
B0G2MHRD36,泡洗顔,weekly,latopia レチノール洗顔
B0G2MHRD36,洗顔料,weekly,latopia レチノール洗顔
B0G2MHRD36,ニキビ 洗顔,weekly,latopia レチノール洗顔
B0G2MHRD36,酵素洗顔,weekly,latopia レチノール洗顔
B0G2MHRD36,毛穴 洗顔,weekly,latopia レチノール洗顔
B0G2MHRD36,洗顔 毛穴,weekly,latopia レチノール洗顔
B0G2MHRD36,洗顔 レチノール,weekly,latopia レチノール洗顔
B0G2MHRD36,レチノール,weekly,latopia レチノール洗顔
B0G2MHRD36,ピーリング,weekly,latopia レチノール洗顔
B0G2MHRD36,サリチル酸 ピーリング,weekly,latopia レチノール洗顔
B0G2MHRD36,ピーリング 洗顔,weekly,latopia レチノール洗顔
